{"stat.leaveGame":7,"stat.useItem.minecraft.diamond_axe":7,"stat.jump":44,"stat.drop.minecraft.skull":1,"stat.swimOneCm":463,"stat.pickup.minecraft.iron_ingot":4,"stat.climbOneCm":760,"stat.pickup.minecraft.gunpowder":1,"stat.crouchOneCm":1953,"stat.drop.generallaymansaestheticspyingscreen.block_glass":1,"stat.useItem.minecraft.stone_slab2":177,"stat.useItem.minecraft.water_bucket":8,"stat.pickup.minecraft.rotten_flesh":33,"stat.damageTaken":1560,"stat.drop.minecraft.water_bucket":1,"stat.killEntity.amongusmorado":2,"stat.pickup.minecraft.dye":1,"stat.flyOneCm":4738807,"stat.useItem.securitycraft.bucket_f_lava":1,"stat.damageDealt":624,"stat.timeSinceDeath":21405,"stat.useItem.minecraft.spawn_egg":114,"stat.pickup.cfm.shower_head_off":1,"stat.killEntity.Bat":1,"stat.walkOneCm":20011,"stat.pickup.amongusmobs.amongusbodyred":7,"stat.killEntity.amongusrosado":1,"stat.killEntity.amongusred":1,"stat.killEntity.Creeper":2,"stat.talkedToVillager":7,"stat.pickup.portalblocks.pedestalbutton":1,"stat.useItem.amongusmobs.knife":15,"stat.killEntity.Squid":1,"stat.useItem.portalblocks.pedestalbutton":1,"stat.sprintOneCm":50,"stat.drop.minecraft.fishing_rod":1,"stat.pickup.minecraft.end_stone":1,"stat.killEntity.Skeleton":1,"stat.useItem.minecraft.flint_and_steel":3,"stat.mobKills":17,"stat.deaths":6,"stat.drop":4,"stat.playOneMinute":61551,"stat.pickup.minecraft.torch":1,"stat.sneakTime":1878,"stat.killEntity.Zombie":4,"stat.killEntity.amongusverde":1,"stat.useItem.minecraft.fishing_rod":4,"stat.diveOneCm":1013}