{
  "minecraft:recipes/redstone/redstone": {
    "criteria": {
      "has_redstone_block": "2021-12-17 21:21:04 -0600"
    },
    "done": true
  },
  "minecraft:recipes/redstone/tnt": {
    "criteria": {
      "has_gunpowder": "2021-12-17 21:50:13 -0600"
    },
    "done": true
  },
  "webdisplays:webdisplays/screen": {
    "criteria": {
      "has_screen": "2021-12-17 18:24:57 -0600"
    },
    "done": true
  },
  "minecraft:recipes/building_blocks/end_bricks": {
    "criteria": {
      "has_end_stone": "2021-12-17 21:21:28 -0600"
    },
    "done": true
  },
  "minecraft:adventure/kill_a_mob": {
    "criteria": {
      "zombie": "2021-12-17 21:49:02 -0600"
    },
    "done": true
  },
  "webdisplays:webdisplays/minepad": {
    "criteria": {
      "has_glass_pane": "2021-12-17 18:24:57 -0600"
    },
    "done": true
  },
  "minecraft:adventure/kill_all_mobs": {
    "criteria": {
      "skeleton": "2021-12-17 21:50:09 -0600",
      "zombie": "2021-12-17 21:49:02 -0600",
      "creeper": "2021-12-17 21:49:59 -0600"
    },
    "done": false
  },
  "minecraft:end/root": {
    "criteria": {
      "entered_end": "2021-12-17 21:20:10 -0600"
    },
    "done": true
  },
  "cfm:install": {
    "criteria": {
      "tick": "2021-12-17 18:24:57 -0600"
    },
    "done": true
  },
  "minecraft:recipes/decorations/end_crystal": {
    "criteria": {
      "has_ender_eye": "2021-12-17 21:19:09 -0600"
    },
    "done": true
  },
  "minecraft:recipes/misc/magenta_dye_from_lapis_ink_bonemeal": {
    "criteria": {
      "has_black_dye": "2021-12-17 21:32:04 -0600"
    },
    "done": true
  },
  "minecraft:recipes/misc/light_gray_dye_from_ink_bonemeal": {
    "criteria": {
      "has_black_dye": "2021-12-17 21:32:04 -0600"
    },
    "done": true
  },
  "minecraft:story/enter_the_end": {
    "criteria": {
      "entered_end": "2021-12-17 21:20:10 -0600"
    },
    "done": true
  },
  "minecraft:adventure/root": {
    "criteria": {
      "killed_something": "2021-12-17 19:22:07 -0600"
    },
    "done": true
  },
  "minecraft:recipes/decorations/ender_chest": {
    "criteria": {
      "has_ender_eye": "2021-12-17 21:19:09 -0600"
    },
    "done": true
  },
  "cfm:root": {
    "criteria": {
      "tick": "2021-12-17 18:24:57 -0600"
    },
    "done": true
  },
  "minecraft:recipes/misc/gray_dye": {
    "criteria": {
      "has_black_dye": "2021-12-17 21:32:04 -0600"
    },
    "done": true
  },
  "minecraft:adventure/adventuring_time": {
    "criteria": {
      "plains": "2021-12-17 18:24:55 -0600"
    },
    "done": false
  },
  "webdisplays:webdisplays/laser": {
    "criteria": {
      "has_laser": "2021-12-17 18:24:57 -0600"
    },
    "done": true
  }
}